model,candidate_id,validation_mae,params
autoregressive_ridge,6,0.9191765260022422,"{""alpha"": 1.0, ""fourier_order"": 4, ""lags"": [0, 1, 2, 3, 6, 13, 29], ""windows"": [3, 7, 14, 30]}"
autoregressive_ridge,2,0.9281900089300819,"{""alpha"": 0.1, ""fourier_order"": 4, ""lags"": [0, 1, 2, 3, 6, 13, 29], ""windows"": [3, 7, 14, 30]}"
autoregressive_ridge,0,0.9421850360742261,"{""alpha"": 0.1, ""fourier_order"": 2, ""lags"": [0, 1, 2, 3, 6, 13, 29], ""windows"": [3, 7, 14, 30]}"
autoregressive_ridge,10,0.9470786050491204,"{""alpha"": 10.0, ""fourier_order"": 4, ""lags"": [0, 1, 2, 3, 6, 13, 29], ""windows"": [3, 7, 14, 30]}"
autoregressive_ridge,4,0.9642190544677454,"{""alpha"": 1.0, ""fourier_order"": 2, ""lags"": [0, 1, 2, 3, 6, 13, 29], ""windows"": [3, 7, 14, 30]}"
arima_fourier,5,0.9745974871406683,"{""fourier_order"": 4, ""order"": [2, 1, 1]}"
autoregressive_ridge,7,0.9832926947668108,"{""alpha"": 1.0, ""fourier_order"": 4, ""lags"": [0, 1, 2, 6, 13, 29, 364], ""windows"": [3, 7, 14, 30]}"
autoregressive_ridge,3,0.9891997273429585,"{""alpha"": 0.1, ""fourier_order"": 4, ""lags"": [0, 1, 2, 6, 13, 29, 364], ""windows"": [3, 7, 14, 30]}"
autoregressive_ridge,8,1.0615077705943892,"{""alpha"": 10.0, ""fourier_order"": 2, ""lags"": [0, 1, 2, 3, 6, 13, 29], ""windows"": [3, 7, 14, 30]}"
arima_fourier,1,1.1231511882872092,"{""fourier_order"": 4, ""order"": [1, 0, 1]}"
autoregressive_ridge,11,1.1372144620795352,"{""alpha"": 10.0, ""fourier_order"": 4, ""lags"": [0, 1, 2, 6, 13, 29, 364], ""windows"": [3, 7, 14, 30]}"
arima_fourier,3,1.1386602965457988,"{""fourier_order"": 4, ""order"": [2, 0, 1]}"
harmonic_ridge,2,1.1655158931607579,"{""alpha"": 0.1, ""fourier_order"": 6, ""lags"": [], ""windows"": []}"
harmonic_ridge,5,1.165698945463264,"{""alpha"": 1.0, ""fourier_order"": 6, ""lags"": [], ""windows"": []}"
arima_fourier,4,1.1744581932545823,"{""fourier_order"": 2, ""order"": [2, 1, 1]}"
harmonic_ridge,0,1.1825197690197484,"{""alpha"": 0.1, ""fourier_order"": 2, ""lags"": [], ""windows"": []}"
harmonic_ridge,1,1.184414289674141,"{""alpha"": 0.1, ""fourier_order"": 4, ""lags"": [], ""windows"": []}"
harmonic_ridge,3,1.1900273413868192,"{""alpha"": 1.0, ""fourier_order"": 2, ""lags"": [], ""windows"": []}"
harmonic_ridge,4,1.191594751346348,"{""alpha"": 1.0, ""fourier_order"": 4, ""lags"": [], ""windows"": []}"
autoregressive_ridge,1,1.2192755970040112,"{""alpha"": 0.1, ""fourier_order"": 2, ""lags"": [0, 1, 2, 6, 13, 29, 364], ""windows"": [3, 7, 14, 30]}"
harmonic_ridge,8,1.2270290762710003,"{""alpha"": 10.0, ""fourier_order"": 6, ""lags"": [], ""windows"": []}"
arima_fourier,0,1.2324936155726594,"{""fourier_order"": 2, ""order"": [1, 0, 1]}"
autoregressive_ridge,5,1.2366248012479226,"{""alpha"": 1.0, ""fourier_order"": 2, ""lags"": [0, 1, 2, 6, 13, 29, 364], ""windows"": [3, 7, 14, 30]}"
arima_fourier,2,1.2420930023593268,"{""fourier_order"": 2, ""order"": [2, 0, 1]}"
harmonic_ridge,7,1.2494536030652708,"{""alpha"": 10.0, ""fourier_order"": 4, ""lags"": [], ""windows"": []}"
harmonic_ridge,6,1.2510143687245576,"{""alpha"": 10.0, ""fourier_order"": 2, ""lags"": [], ""windows"": []}"
hist_gradient_boosting,3,1.2605228385267306,"{""fourier_order"": 4, ""l2_regularization"": 0.1, ""lags"": [0, 1, 2, 3, 6, 13, 29, 364], ""learning_rate"": 0.08, ""max_iter"": 300, ""max_leaf_nodes"": 31, ""windows"": [3, 7, 14, 30]}"
hist_gradient_boosting,2,1.2946673036948952,"{""fourier_order"": 4, ""l2_regularization"": 0.1, ""lags"": [0, 1, 2, 3, 6, 13, 29, 364], ""learning_rate"": 0.08, ""max_iter"": 300, ""max_leaf_nodes"": 15, ""windows"": [3, 7, 14, 30]}"
hist_gradient_boosting,0,1.337762222748977,"{""fourier_order"": 4, ""l2_regularization"": 0.1, ""lags"": [0, 1, 2, 3, 6, 13, 29, 364], ""learning_rate"": 0.03, ""max_iter"": 300, ""max_leaf_nodes"": 15, ""windows"": [3, 7, 14, 30]}"
hist_gradient_boosting,1,1.3426525994252332,"{""fourier_order"": 4, ""l2_regularization"": 0.1, ""lags"": [0, 1, 2, 3, 6, 13, 29, 364], ""learning_rate"": 0.03, ""max_iter"": 300, ""max_leaf_nodes"": 31, ""windows"": [3, 7, 14, 30]}"
autoregressive_ridge,9,1.3427548808788423,"{""alpha"": 10.0, ""fourier_order"": 2, ""lags"": [0, 1, 2, 6, 13, 29, 364], ""windows"": [3, 7, 14, 30]}"
random_forest,3,1.363983837154568,"{""fourier_order"": 4, ""lags"": [0, 1, 2, 3, 6, 13, 29, 364], ""max_depth"": 12, ""max_features"": 0.8, ""min_samples_leaf"": 5, ""n_estimators"": 300, ""windows"": [3, 7, 14, 30]}"
climatology,1,1.3997548465915448,"{""window"": 15}"
random_forest,1,1.4024730653827957,"{""fourier_order"": 4, ""lags"": [0, 1, 2, 3, 6, 13, 29, 364], ""max_depth"": 6, ""max_features"": 0.8, ""min_samples_leaf"": 5, ""n_estimators"": 300, ""windows"": [3, 7, 14, 30]}"
random_forest,0,1.4188441545938564,"{""fourier_order"": 4, ""lags"": [0, 1, 2, 3, 6, 13, 29, 364], ""max_depth"": 6, ""max_features"": 0.8, ""min_samples_leaf"": 2, ""n_estimators"": 300, ""windows"": [3, 7, 14, 30]}"
random_forest,2,1.4273932401214124,"{""fourier_order"": 4, ""lags"": [0, 1, 2, 3, 6, 13, 29, 364], ""max_depth"": 12, ""max_features"": 0.8, ""min_samples_leaf"": 2, ""n_estimators"": 300, ""windows"": [3, 7, 14, 30]}"
climatology,0,1.4291602174189726,"{""window"": 7}"
climatology,2,1.655173813804066,"{""window"": 30}"
seasonal_naive_365,0,2.075,{}
